Top_Related_Search,Interest,Year
baby ultrasound,100,2017
pregnancy ultrasound,71,2017
3d ultrasound,71,2017
ultrasound technician,53,2017
what is ultrasound,49,2017
ultrasound tech,46,2017
4d ultrasound,45,2017
gender ultrasound,43,2017
4d,41,2017
ultrasound near me,32,2017
ultrasound pictures,31,2017
boy ultrasound,30,2017
breast ultrasound,29,2017
girl ultrasound,29,2017
first ultrasound,27,2017
ultrasound jobs,23,2017
6 weeks ultrasound,21,2017
ultrasound technician salary,21,2017
twins ultrasound,19,2017
transvaginal ultrasound,18,2017
pelvic ultrasound,18,2017
5 weeks ultrasound,18,2017
liver ultrasound,18,2017
ultrasound tech salary,18,2017
8 weeks ultrasound,17,2017
baby ultrasound,100,2018
ultrasound pregnancy,73,2018
3d ultrasound,70,2018
ultrasound tech,49,2018
what is ultrasound,46,2018
ultrasound gender,44,2018
ultrasound near me,42,2018
ultrasound technician,41,2018
4d ultrasound,38,2018
breast ultrasound,30,2018
boy ultrasound,27,2018
ultrasound pictures,26,2018
first ultrasound,26,2018
girl ultrasound,24,2018
ultrasound school,23,2018
what is a ultrasound,20,2018
liver ultrasound,20,2018
heart ultrasound,20,2018
ultrasound jobs,20,2018
twins ultrasound,19,2018
abdominal ultrasound,18,2018
ultrasound cost,18,2018
ultrasound tech salary,18,2018
kidney ultrasound,18,2018
pelvic ultrasound,18,2018
ultrasound baby,100,2019
pregnancy ultrasound,76,2019
ultrasound 3d,76,2019
pregnancy,75,2019
ultrasound near me,58,2019
what is ultrasound,56,2019
ultrasound tech,51,2019
gender ultrasound,45,2019
4d ultrasound,42,2019
ultrasound technician,41,2019
breast ultrasound,35,2019
first ultrasound,28,2019
ultrasound jobs,25,2019
boy ultrasound,25,2019
abdominal ultrasound,23,2019
fetal ultrasound,22,2019
girl ultrasound,22,2019
liver ultrasound,21,2019
ultrasound pictures,21,2019
pelvic ultrasound,21,2019
ultrasound school,20,2019
heart ultrasound,19,2019
kidney ultrasound,19,2019
ultrasound cost,18,2019
thyroid ultrasound,18,2019
baby ultrasound,100,2020
ultrasound pregnancy,77,2020
ultrasound 3d,71,2020
ultrasound near me,70,2020
what is ultrasound,61,2020
ultrasound tech,45,2020
4d ultrasound,42,2020
gender ultrasound,38,2020
ultrasound technician,34,2020
breast ultrasound,32,2020
first ultrasound,30,2020
girl ultrasound,26,2020
ultrasound jobs,25,2020
boy ultrasound,24,2020
ultrasound cost,23,2020
ultrasound pictures,22,2020
abdominal ultrasound,21,2020
heart ultrasound,21,2020
pelvic ultrasound,20,2020
liver ultrasound,20,2020
ultrasound machine,19,2020
early ultrasound,18,2020
kidney ultrasound,18,2020
transvaginal ultrasound,17,2020
ultrasound school,17,2020
